Authors,Author full names,Author(s) ID,Title,Year,Source title,Volume,Issue,Art. No.,Page start,Page end,Cited by,DOI,Link,Abstract,Author Keywords,Document Type,Publication Stage,Open Access,Source,EID
"Li, Z.; Gao, C.; Kanakaraj, P.; Bao, S.; Zuo, L.; Kim, M.E.; Newlin, N.R.; Rudravaram, G.; Mohd Khairi, N.M.; Huo, Y.; Schilling, K.G.; Kukull, W.A.; Toga, A.W.; Archer, D.B.; Hohman, T.J.; Landman, B.A.","Li, Zhiyuan (59144471700); Gao, Chenyu (57363597800); Kanakaraj, Praitayini (57217029207); Bao, Shunxing (57189987093); Zuo, Lianrui (57202855256); Kim, Michael E. (58290603100); Newlin, Nancy R. (58133978900); Rudravaram, Gaurav (57442300300); Mohd Khairi, Nazirah Mohd (57208887001); Huo, Yuankai (56830058500); Schilling, Kurt G. (56192036700); Kukull, W. A. (35351525000); Toga, Arthur W. (35412870200); Archer, Derek B. (55915833400); Hohman, Timothy J. (57211697123); Landman, Bennett Allan (16679175200)",59144471700; 57363597800; 57217029207; 57189987093; 57202855256; 58290603100; 58133978900; 57442300300; 57208887001; 56830058500; 56192036700; 35351525000; 35412870200; 55915833400; 57211697123; 16679175200,Multi-modality conditioned variational U-net for field-of-view extension in brain diffusion MRI,2026,Magnetic Resonance Imaging,129,,110617,,,0,10.1016/j.mri.2026.110617,https://www.scopus.com/inward/record.uri?eid=2-s2.0-105029550655&doi=10.1016%2Fj.mri.2026.110617&partnerID=40&md5=0a7cd962e65c2322927d59ef343c4d55,"An incomplete field-of-view (FOV) in diffusion magnetic resonance imaging (dMRI) can severely hinder the volumetric and bundle analyses of whole-brain white matter connectivity. Although existing works have investigated imputing the missing regions using deep generative models, it remains unclear how to specifically utilize additional information from paired multi-modality data and whether this can enhance the imputation quality and be useful for downstream tractography. To fill this gap, we propose a novel framework for imputing dMRI scans in the incomplete part of the FOV by integrating the learned diffusion features in the acquired part of the FOV to the complete brain anatomical structure. We hypothesize that by this design the proposed framework can enhance the imputation performance of the dMRI scans and therefore be useful for repairing whole-brain tractography in corrupted dMRI scans with incomplete FOV. We tested our framework on two cohorts from different sites with a total of 96 subjects and compared it with a baseline imputation method that treats the information from T1w and dMRI scans equally. The proposed framework achieved significant improvements in imputation performance, as demonstrated by angular correlation coefficient (p < 1E-5), and in downstream tractography accuracy, as demonstrated by Dice score (p < 0.01). Results suggest that the proposed framework improved imputation performance in dMRI scans by specifically utilizing additional information from paired multi-modality data, compared with the baseline method. The imputation achieved by the proposed framework enhances whole brain tractography, and therefore reduces the uncertainty when analyzing bundles associated with neurodegenerative. © 2026 The Authors.",Diffusion MRI; Generative model; Imputation; Medical image synthesis,Article,Final,All Open Access; Hybrid Gold Open Access,Scopus,2-s2.0-105029550655
"Kim, M.E.; Gao, C.; Newlin, N.R.; Rudravaram, G.; Krishnan, A.R.; Ramadass, K.; Kanakaraj, P.; Schilling, K.G.; Dewey, B.E.; Bennett, D.A.; O'Bryant, S.; Barber, R.C.; Archer, D.B.; Hohman, T.J.; Bao, S.; Li, Z.; Landman, B.A.; Mohd Khairi, N.M.; Yaffe, K.; Toga, A.W.; Rissman, R.A.; Johnson, L.; Braskie, M.; King, K.; Hall, J.R.; Petersen, M.; Palmer, R.; Barber, R.; Shi, Y.; Zhang, F.; Nandy, R.; McColl, R.; Mason, D.; Christian, B.; Phillips, N.; Large, S.; Lee, J.; Vardarajan, B.N.; Mindt, M.R.; Cheema, A.; Barnes, L.L.; Mapstone, M.; Cohen, A.; Kind, A.; Okonkwo, O.; Vintimilla, R.; Zhou, Z.; Donohue, M.; Raman, R.; Borzage, M.; Mielke, M.; Ances, B.; Babulal, G.; Llibre-Rodriguez, J.; Hill, C.; Vig, R.","Kim, Michael E. (58290603100); Gao, Chenyu (57363597800); Newlin, Nancy R. (58133978900); Rudravaram, Gaurav (57442300300); Krishnan, Aravind R. (58195099100); Ramadass, Karthik (57221294056); Kanakaraj, Praitayini (57217029207); Schilling, Kurt G. (56192036700); Dewey, Blake E. (56963777300); Bennett, David Alan (57651397600); O'Bryant, Sid E. (57202553593); Barber, Robert C. (59883909400); Archer, Derek B. (55915833400); Hohman, Timothy J. (57211697123); Bao, Shunxing (57189987093); Li, Zhiyuan (59144471700); Landman, Bennett Allan (16679175200); Mohd Khairi, Nazirah Mohd (57208887001); Yaffe, Kristine (57203071462); Toga, Arthur W. (35412870200); Rissman, Robert A. (6602191595); Johnson, Leigh (59231391600); Braskie, Meredith N. (24176953500); King, Kevin S. (55747753543); Hall, James R. (60085991000); Petersen, Melissa E. (57726356200); Palmer, Raymond F. (59028612700); Barber, Robert (57923515000); Shi, Yonggang (55329916500); Zhang, Fan (59887760100); Nandy, Rajesh R. (60086040200); McColl, Roderick W. (7003307618); Mason, David (59525961700); Christian, Bradley T. (7005897569); Phillips, Nicole (59358163900); Large, Stephanie (60085983000); Lee, Joe (59357573600); Vardarajan, Badri Narayan (24485728500); Mindt, Monica Rivera (57479628300); Cheema, Amrita Kaur (23097032900); Barnes, Lisa Laverne (57218357339); Mapstone, Mark E. (6508363246); Cohen, Annie D. (57234917600); Kind, Amy J.H. (35386571500); Okonkwo, Ozioma C. (15049910000); Vintimilla, Raúl M. (56820259000); Zhou, Zhengyang (59904102200); Donohue, Michael C. (16833592500); Raman, Rema (7102586743); Borzage, Matthew Thomas (35322001000); Mielke, Michelle M. (7004869517); Ances, Beau M. (6701431169); Babulal, Ganesh Muneshwar (56491095000); Llibre-Rodriguez, Juan J. (6508242689); Hill, Carl V. (55236500900); Vig, Rocky (57224766364)",58290603100; 57363597800; 58133978900; 57442300300; 58195099100; 57221294056; 57217029207; 56192036700; 56963777300; 57651397600; 57202553593; 59883909400; 55915833400; 57211697123; 57189987093; 59144471700; 16679175200; 57208887001; 57203071462; 35412870200; 6602191595; 59231391600; 24176953500; 55747753543; 60085991000; 57726356200; 59028612700; 57923515000; 55329916500; 59887760100; 60086040200; 7003307618; 59525961700; 7005897569; 59358163900; 60085983000; 59357573600; 24485728500; 57479628300; 23097032900; 57218357339; 6508363246; 57234917600; 35386571500; 15049910000; 56820259000; 59904102200; 16833592500; 7102586743; 35322001000; 7004869517; 6701431169; 56491095000; 6508242689; 55236500900; 57224766364,Scalable quality control on processing of large diffusion-weighted and structural magnetic resonance imaging datasets,2025,PLOS ONE,20,8 August,e0327388,,,2,10.1371/journal.pone.0327388,https://www.scopus.com/inward/record.uri?eid=2-s2.0-105012184316&doi=10.1371%2Fjournal.pone.0327388&partnerID=40&md5=c27f9c46139c89382901d693275904d6,"Thorough quality control (QC) can be time consuming when working with large-scale medical imaging datasets, yet necessary, as poor-quality data can lead to erroneous conclusions or poorly trained machine learning models. Most efforts to reduce data QC time rely on quantitative outlier detection, which cannot capture every instance of algorithm failure. Thus, there is a need to visually inspect every output of data processing pipelines in a scalable manner. We design a QC pipeline that allows for low time cost and effort across a team setting for a large database of diffusion-weighted and structural magnetic resonance images. Our proposed method satisfies the following design criteria: 1.) a consistent way to perform and manage quality control across a team of researchers, 2.) quick visualization of preprocessed data that minimizes the effort and time spent on the QC process without compromising the condition/caliber of the QC, and 3.) a way to aggregate QC results across pipelines and datasets that can be easily shared. In addition to meeting these design criteria, we also provide a comparison experiment of our method to an automated QC method for a T1-weighted dataset of N = 1560 images and an inter-rater variability experiment for several processing pipelines. The experiments show mostly high agreement among raters and slight differences with the automated QC method. While researchers must spend time on robust visual QC of data, there are mechanisms by which the process can be streamlined and efficient. © 2025 Kim et al. This is an open access article distributed under the terms of the Creative Commons Attribution License, which permits unrestricted use, distribution, and reproduction in any medium, provided the original author and source are credited.",,Article,Final,All Open Access; Gold Open Access; Green Accepted Open Access; Green Open Access,Scopus,2-s2.0-105012184316
"Peter, C.; Sathe, A.; Shashikumar, N.; Pechman, K.R.; Workmeister, A.W.; Bryan Jackson, T.; Huo, Y.; Mukherjee, S.; Mez, J.; Dumitrescu, L.; Gifford, K.A.; Bolton, C.J.; Gaynor, L.S.; Risacher, S.L.; Beason-Held, L.; An, Y.; Arfanakis, K.; Erus, G.; Davatzikos, C.; Tosun-Turgut, D.; Habes, M.; Wang, D.; Toga, A.W.; Thompson, P.M.; Zhang, P.; Schilling, K.G.; Albert, M.S.; Kukull, W.A.; Biber, S.; Landman, B.A.; Bendlin, B.B.; Johnson, S.C.; Schneider, J.A.; Barnes, L.L.; Bennett, D.A.; Jefferson, A.L.; Resnick, S.M.; Saykin, A.J.; Crane, P.K.; Cuccaro, M.L.; Hohman, T.J.; Archer, D.B.; Zaras, D.; Yang, Y.; Durant, A.; Kanakaraj, P.; Kim, M.E.; Gao, C.; Newlin, N.R.; Ramadass, K.; Mohd Khairi, N.M.; Li, Z.; Yao, T.; Choi, S.-E.; Klinedinst, B.S.; Lee, M.L.; Scollard, P.; Trittschuh, E.H.; Sanders, E.A.","Peter, Christopher (59937914300); Sathe, Aditi (58641681000); Shashikumar, Niranjana (57216966134); Pechman, Kimberly R. (57202306584); Workmeister, Abigail W. (59738867400); Bryan Jackson, T. (58515370200); Huo, Yuankai (56830058500); Mukherjee, Shubhabrata (57208180641); Mez, Jesse B. (57216597698); Dumitrescu, Logan C. (36767088000); Gifford, Katherine A. (55956988700); Bolton, Corey J. (57208058858); Gaynor, Leslie S. (56717534200); Risacher, Shannon Leigh (25229336900); Beason-Held, Lori L. (6602362913); An, Yang (15756851300); Arfanakis, Konstantinos (6602716580); Erus, Guray (8556756900); Davatzikos, Christos A. (7005310126); Tosun-Turgut, Duygu (56691543700); Habes, Mohamad (55445429000); Wang, Di (57840411900); Toga, Arthur W. (35412870200); Thompson, Paul M. (57217465353); Zhang, Panpan (56397340300); Schilling, Kurt G. (56192036700); Albert, Marilyn S. (7403276705); Kukull, W. A. (35351525000); Biber, Sarah A. (58941300100); Landman, Bennett Allan (16679175200); Bendlin, Barbara B. (16836159200); Johnson, Sterling C. (57201598532); Schneider, Julie A. (35391665200); Barnes, Lisa Laverne (57218357339); Bennett, David Alan (57651397600); Jefferson, Angela Lee (8228195700); Resnick, Susan M. (7102831381); Saykin, Andrew J. (7006442842); Crane, Paul K. (57202041242); Cuccaro, Michael L. (6701789594); Hohman, Timothy J. (57211697123); Archer, Derek B. (55915833400); Zaras, Dimitrios (57438817400); Yang, Yisu (58642141500); Durant, Alaina (58341143100); Kanakaraj, Praitayini (57217029207); Kim, Michael E. (58290603100); Gao, Chenyu (57363597800); Newlin, Nancy R. (58133978900); Ramadass, Karthik (57221294056); Mohd Khairi, Nazirah Mohd (57208887001); Li, Zhiyuan (59144471700); Yao, Tianyuan (57222525765); Choi, Seo-eun (57204944904); Klinedinst, Brandon S. (57205682572); Lee, Michael L. (57221217859); Scollard, Phoebe (57837152600); Trittschuh, Emily H. (24462653800); Sanders, Elizabeth A. (7102550039)",59937914300; 58641681000; 57216966134; 57202306584; 59738867400; 58515370200; 56830058500; 57208180641; 57216597698; 36767088000; 55956988700; 57208058858; 56717534200; 25229336900; 6602362913; 15756851300; 6602716580; 8556756900; 7005310126; 56691543700; 55445429000; 57840411900; 35412870200; 57217465353; 56397340300; 56192036700; 7403276705; 35351525000; 58941300100; 16679175200; 16836159200; 57201598532; 35391665200; 57218357339; 57651397600; 8228195700; 7102831381; 7006442842; 57202041242; 6701789594; 57211697123; 55915833400; 57438817400; 58642141500; 58341143100; 57217029207; 58290603100; 57363597800; 58133978900; 57221294056; 57208887001; 59144471700; 57222525765; 57204944904; 57205682572; 57221217859; 57837152600; 24462653800; 7102550039,White Matter Abnormalities and Cognition in Aging and Alzheimer Disease,2025,JAMA Neurology,82,8,,825,836,6,10.1001/jamaneurol.2025.1601,https://www.scopus.com/inward/record.uri?eid=2-s2.0-105007842928&doi=10.1001%2Fjamaneurol.2025.1601&partnerID=40&md5=42eefd255da9b5df4b3666842823d9e9,"IMPORTANCE There has yet to be a large-scale study quantifying the association between white matter microstructure and cognitive performance and decline in aging and Alzheimer disease (AD). OBJECTIVE To investigate the associations between tract-specific white matter microstructure and cognitive performance and decline in aging and AD-related cognitive impairment. DESIGN, SETTING, AND PARTICIPANTS This prognostic study of aging and AD, a secondary data analysis of multisite cohort studies, acquired data from 9 cohorts between September 2002 and November 2022. Participants were eligible if they had diffusion-weighted magnetic resonance imaging (dMRI) data, domain-specific cognitive composite z scores, demographic and clinical data, were aged 50 years or older, and passed neuroimaging quality control. Demographic and clinical covariates included age, sex, education, race and ethnicity, APOE haplotype status (e2, e3, e4), and clinical status. The present study was conducted from June 2024 to February 2025. EXPOSURES White matter microstructure and cognitive performance and decline. MAIN OUTCOMES AND MEASURES Clinical diagnosis, imaging measures (dMRI, T1-weighted MRI, and amyloid and tau positron emission tomography), and cognitive tests. RESULTS Of 4467 participants who underwent 9208 longitudinal cognitive sessions, 2698 (60.4%) were female, and the mean age (SD) was 74.3 (9.2) years; 3213 were cognitively unimpaired, 972 had mild cognitive impairment, and 282 had AD dementia. White matter free water (FW) showed the strongest associations with cross-sectional cognitive performance and longitudinal cognitive decline across all domains, particularly memory. FW in limbic tracts, such as the cingulum, presented the strongest associations with both memory performance (cingulum: ß = -0.718; P < .001; fornix: ß = -1.069; P < .001) and decline (cingulum: ß = -0.115; P < .001; fornix: ß = -0.153; P < .001). White matter FW measures interacted with baseline diagnosis, gray matter atrophy, APOE e4 status, and amyloid positivity to predict poorer cognitive performance and accelerated cognitive decline. Noteworthy interactions include fornix FW and hippocampal volume (ß = 10.598; P < .001), cingulum FW and SPARE-AD index (ß = -0.532; P < .001), and inferior temporal gyrus transcallosal tract FW and baseline diagnosis (ß = -0.537; P < .001), all predicting poorer memory performance. CONCLUSIONS AND RELEVANCE White matter microstructural changes, particularly FW, play a critical role in cognitive decline in aging and AD-related cognitive impairment. These findings highlight the importance of FW correction in dMRI studies and highlight the limbic system, especially the cingulum and fornix, as key regions associated with cognitive decline; the interaction models highlight that integrating FW-corrected metrics with other AD biomarkers may further elucidate the biological mechanisms of neurodegeneration in aging. © 2025 American Medical Association. All rights reserved.",,Article,Final,All Open Access; Green Accepted Open Access; Green Open Access; Hybrid Gold Open Access,Scopus,2-s2.0-105007842928
"Lorenz, A.; Sathe, A.; Zaras, D.; Yang, Y.; Durant, A.; Kim, M.E.; Gao, C.; Newlin, N.R.; Ramadass, K.; Kanakaraj, P.; Mohd Khairi, N.M.; Li, Z.; Yao, T.; Huo, Y.; Dumitrescu, L.; Shashikumar, N.; Pechman, K.R.; Jackson, T.B.; Workmeister, A.W.; Risacher, S.L.; Beason-Held, L.; An, Y.; Arfanakis, K.; Erus, G.; Davatzikos, C.; Habes, M.; Wang, D.; Tosun, D.; Toga, A.W.; Thompson, P.M.; Mormino, E.; Zhang, P.; Schilling, K.G.; Albert, M.S.; Kukull, W.A.; Biber, S.; Landman, B.A.; Johnson, S.C.; Bendlin, B.B.; Schneider, J.A.; Barnes, L.L.; Bennett, D.A.; Jefferson, A.L.; Resnick, S.M.; Saykin, A.J.; Hohman, T.J.; Archer, D.B.","Lorenz, Anna St (56985514800); Sathe, Aditi (58641681000); Zaras, Dimitrios (57438817400); Yang, Yisu (58642141500); Durant, Alaina (58341143100); Kim, Michael E. (58290603100); Gao, Chenyu (57363597800); Newlin, Nancy R. (58133978900); Ramadass, Karthik (57221294056); Kanakaraj, Praitayini (57217029207); Mohd Khairi, Nazirah Mohd (57208887001); Li, Zhiyuan (59144471700); Yao, Tianyuan (57222525765); Huo, Yuankai (56830058500); Dumitrescu, Logan C. (36767088000); Shashikumar, Niranjana (57216966134); Pechman, Kimberly R. (57202306584); Jackson, Trevor Bryan (57202154039); Workmeister, Abigail W. (59738867400); Risacher, Shannon Leigh (25229336900); Beason-Held, Lori L. (6602362913); An, Yang (15756851300); Arfanakis, Konstantinos (6602716580); Erus, Guray (8556756900); Davatzikos, Christos A. (7005310126); Habes, Mohamad (55445429000); Wang, Di (57840411900); Tosun, Duygu (6507410776); Toga, Arthur W. (35412870200); Thompson, Paul M. (57217465353); Mormino, Elizabeth C. (6504043353); Zhang, Panpan (56397340300); Schilling, Kurt G. (56192036700); Albert, Marilyn S. (7403276705); Kukull, W. A. (35351525000); Biber, Sarah A. (58941300100); Landman, Bennett Allan (16679175200); Johnson, Sterling C. (57201598532); Bendlin, Barbara B. (16836159200); Schneider, Julie A. (35391665200); Barnes, Lisa Laverne (57218357339); Bennett, David Alan (57651397600); Jefferson, Angela Lee (8228195700); Resnick, Susan M. (7102831381); Saykin, Andrew J. (57218790347); Hohman, Timothy J. (57211697123); Archer, Derek B. (55915833400)",56985514800; 58641681000; 57438817400; 58642141500; 58341143100; 58290603100; 57363597800; 58133978900; 57221294056; 57217029207; 57208887001; 59144471700; 57222525765; 56830058500; 36767088000; 57216966134; 57202306584; 57202154039; 59738867400; 25229336900; 6602362913; 15756851300; 6602716580; 8556756900; 7005310126; 55445429000; 57840411900; 6507410776; 35412870200; 57217465353; 6504043353; 56397340300; 56192036700; 7403276705; 35351525000; 58941300100; 16679175200; 57201598532; 16836159200; 35391665200; 57218357339; 57651397600; 8228195700; 7102831381; 57218790347; 57211697123; 55915833400,The effect of Alzheimer's disease genetic factors on limbic white matter microstructure,2025,Alzheimer's and Dementia,21,4,e70130,,,1,10.1002/alz.70130,https://www.scopus.com/inward/record.uri?eid=2-s2.0-105002714037&doi=10.1002%2Falz.70130&partnerID=40&md5=e163cde8de5da14463f9a3e24c04b100,"INTRODUCTION: White matter (WM) microstructure is essential for brain function but deteriorates with age and in neurodegenerative conditions such as Alzheimer's disease (AD). Diffusion MRI, enhanced by advanced bi-tensor models accounting for free water (FW), enables in vivo quantification of WM microstructural differences. METHODS: To evaluate how AD genetic risk factors affect limbic WM microstructure – crucial for memory and early impacted in disease – we conducted linear regression analyses in a cohort of 2,614 non-Hispanic White aging adults (aged 50.12 to 100.85 years). The study evaluated 36 AD risk variants across 26 genes, the association between AD polygenic scores (PGSs) and WM metrics, and interactions with cognitive status. RESULTS: AD PGSs, variants in TMEM106B, PTK2B, WNT3, and apolipoprotein E (APOE), and interactions involving MS4A6A were significantly linked to WM microstructure. DISCUSSION: These findings implicate AD-related genetic factors related to neurodevelopment (WNT3), lipid metabolism (APOE), and inflammation (TMEM106B, PTK2B, MS4A6A) that contribute to alternations in WM microstructure in older adults. Highlights: AD risk variants in TMEM106B, PTK2B, WNT3, and APOE genes showed distinct associations with limbic FW-corrected WM microstructure metrics. Interaction effects were observed between MS4A6A variants and cognitive status. PGS for AD was associated with higher FW content in the limbic system. © 2025 The Author(s). Alzheimer's & Dementia published by Wiley Periodicals LLC on behalf of Alzheimer's Association.",Alzheimer's disease; diffusion MRI; free water; genetic risk variants; polygenic risk; white matter microstructure,Article,Final,All Open Access; Green Accepted Open Access; Green Open Access; Hybrid Gold Open Access,Scopus,2-s2.0-105002714037
"Schilling, K.G.; Ramadass, K.; Sairanen, V.; Kim, M.E.; Rheault, F.; Newlin, N.R.; Nguyen, T.Q.; Barquero, L.; D'Archangel, M.; Gao, C.; Topolnjak, E.; Mohd Khairi, N.M.; Archer, D.B.; Beason-Held, L.; Resnick, S.M.; Hohman, T.J.; Cutting, L.; Schneider, J.A.; Barnes, L.L.; Bennett, D.A.; Arfanakis, K.; Vinci-Booher, S.; Albert, M.S.; Moyer, D.; Landman, B.A.","Schilling, Kurt G. (56192036700); Ramadass, Karthik (57221294056); Sairanen, Viljami (55980948400); Kim, Michael E. (58290603100); Rheault, François (57062832800); Newlin, Nancy R. (58133978900); Nguyen, Tin Q. (57209166327); Barquero, Laura A. (8614903000); D'Archangel, Micah (58831050800); Gao, Chenyu (57363597800); Topolnjak, Ema (59132415800); Mohd Khairi, Nazirah Mohd (57208887001); Archer, Derek B. (55915833400); Beason-Held, Lori L. (6602362913); Resnick, Susan M. (7102831381); Hohman, Timothy J. (57211697123); Cutting, Laurie E. (6603345531); Schneider, Julie A. (35391665200); Barnes, Lisa Laverne (57218357339); Bennett, David Alan (57651397600); Arfanakis, Konstantinos (6602716580); Vinci-Booher, Sophia A. (35249382800); Albert, Marilyn S. (7403276705); Moyer, Daniel C. (57117453900); Landman, Bennett Allan (16679175200)",56192036700; 57221294056; 55980948400; 58290603100; 57062832800; 58133978900; 57209166327; 8614903000; 58831050800; 57363597800; 59132415800; 57208887001; 55915833400; 6602362913; 7102831381; 57211697123; 6603345531; 35391665200; 57218357339; 57651397600; 6602716580; 35249382800; 7403276705; 57117453900; 16679175200,"Head Motion in Diffusion Magnetic Resonance Imaging: Quantification, Mitigation, and Structural Associations in Large, Cross-Sectional Datasets Across the Lifespan",2025,Human Brain Mapping,46,3,e70143,,,0,10.1002/hbm.70143,https://www.scopus.com/inward/record.uri?eid=2-s2.0-85218830047&doi=10.1002%2Fhbm.70143&partnerID=40&md5=978738b43100c6cb1b857f161550f241,"Head motion during diffusion magnetic resonance imaging (MRI) scans can cause numerous artifacts and biases subsequent quantification. However, a thorough characterization of motion across multiple scans, cohorts, and consortiums has not been performed. To address this, we designed a study with three aims. First, we aimed to characterize subject motion across several large cohorts, utilizing 13 cohorts comprised of 16,995 imaging sessions (age 0.1–100 years, mean age = 63 years; 7220 females; 3175 cognitively impaired adults; 471 developmentally delayed children) to describe the magnitude and directions of subject movement. Second, we aimed to investigate whether state-of-the-art diffusion preprocessing pipelines mitigate biases in quantitative measures of microstructure and connectivity by taking advantage of datasets with scan-rescan acquisitions and ask whether there are detectable differences between the same subjects when scans and rescans have differing levels of motion. Third, we aimed to investigate whether there are structural connectivity differences between movers and non-movers. We found that (1) subjects typically move 1–2 mm/min with most motion as translation in the anterior–posterior direction and rotation around the right–left axis; (2) Modern preprocessing pipelines can effectively mitigate motion to the point where biases are not detectable with current analysis techniques; and (3) There are no apparent differences in microstructure or macrostructural connections in participants who exhibit high motion versus those that exhibit low motion. Overall, characterizing motion magnitude and directions, as well as motion correlates, informs and improves motion mitigation strategies and image processing pipelines. © 2025 The Author(s). Human Brain Mapping published by Wiley Periodicals LLC.",,Article,Final,All Open Access; Gold Open Access; Green Accepted Open Access; Green Open Access,Scopus,2-s2.0-85218830047
"Peterson, A.J.; Sathe, A.; Zaras, D.; Yang, Y.; Durant, A.; Deters, K.D.; Shashikumar, N.; Pechman, K.R.; Kim, M.E.; Gao, C.; Mohd Khairi, N.M.; Li, Z.; Yao, T.; Huo, Y.; Dumitrescu, L.; Gifford, K.A.; Wilson, J.E.; Cambronero, F.E.; Risacher, S.L.; Beason-Held, L.; An, Y.; Arfanakis, K.; Erus, G.; Davatzikos, C.; Tosun, D.; Toga, A.W.; Thompson, P.M.; Mormino, E.; Habes, M.; Wang, D.; Zhang, P.; Schilling, K.G.; Albert, M.S.; Kukull, W.A.; Biber, S.; Landman, B.A.; Johnson, S.C.; Schneider, J.A.; Barnes, L.L.; Bennett, D.A.; Jefferson, A.L.; Resnick, S.M.; Saykin, A.J.; Hohman, T.J.; Archer, D.B.","Peterson, Amalia J. (57225143729); Sathe, Aditi (58641681000); Zaras, Dimitrios (57438817400); Yang, Yisu (58642141500); Durant, Alaina (58341143100); Deters, Kacie D. (57190445759); Shashikumar, Niranjana (57216966134); Pechman, Kimberly R. (57202306584); Kim, Michael E. (58290603100); Gao, Chenyu (57363597800); Mohd Khairi, Nazirah Mohd (57208887001); Li, Zhiyuan (59144471700); Yao, Tianyuan (57222525765); Huo, Yuankai (56830058500); Dumitrescu, Logan C. (36767088000); Gifford, Katherine A. (55956988700); Wilson, Jo Ellen (55660883300); Cambronero, Francis E. (57200675905); Risacher, Shannon Leigh (25229336900); Beason-Held, Lori L. (6602362913); An, Yang (15756851300); Arfanakis, Konstantinos (6602716580); Erus, Guray (8556756900); Davatzikos, Christos A. (7005310126); Tosun, Duygu (6507410776); Toga, Arthur W. (35412870200); Thompson, Paul M. (57217465353); Mormino, Elizabeth C. (6504043353); Habes, Mohamad (55445429000); Wang, Di (57840411900); Zhang, Panpan (56397340300); Schilling, Kurt G. (56192036700); Albert, Marilyn S. (7403276705); Kukull, W. A. (35351525000); Biber, Sarah A. (58941300100); Landman, Bennett Allan (16679175200); Johnson, Sterling C. (57201598532); Schneider, Julie A. (35391665200); Barnes, Lisa Laverne (57218357339); Bennett, David Alan (57651397600); Jefferson, Angela Lee (8228195700); Resnick, Susan M. (7102831381); Saykin, Andrew J. (57218790347); Hohman, Timothy J. (57211697123); Archer, Derek B. (55915833400)",57225143729; 58641681000; 57438817400; 58642141500; 58341143100; 57190445759; 57216966134; 57202306584; 58290603100; 57363597800; 57208887001; 59144471700; 57222525765; 56830058500; 36767088000; 55956988700; 55660883300; 57200675905; 25229336900; 6602362913; 15756851300; 6602716580; 8556756900; 7005310126; 6507410776; 35412870200; 57217465353; 6504043353; 55445429000; 57840411900; 56397340300; 56192036700; 7403276705; 35351525000; 58941300100; 16679175200; 57201598532; 35391665200; 57218357339; 57651397600; 8228195700; 7102831381; 57218790347; 57211697123; 55915833400,Sex and APOE ε4 allele differences in longitudinal white matter microstructure in multiple cohorts of aging and Alzheimer's disease,2025,Alzheimer's and Dementia,21,1,e14343,,,7,10.1002/alz.14343,https://www.scopus.com/inward/record.uri?eid=2-s2.0-85212794702&doi=10.1002%2Falz.14343&partnerID=40&md5=56de38b90d4303277657a0f8726f1475,INTRODUCTION: The effects of sex and apolipoprotein E (APOE)—Alzheimer's disease (AD) risk factors—on white matter microstructure are not well characterized. METHODS: Diffusion magnetic resonance imaging data from nine well-established longitudinal cohorts of aging were free water (FW)–corrected and harmonized. This dataset included 4741 participants (age = 73.06 ± 9.75) with 9671 imaging sessions over time. FW and FW-corrected fractional anisotropy (FA<inf>FWcorr</inf>) were used to assess differences in white matter microstructure by sex and APOE ε4 carrier status. RESULTS: Sex differences in FA<inf>FWcorr</inf> in projection tracts and APOE ε4 differences in FW limbic and occipital transcallosal tracts were most pronounced. DISCUSSION: There are prominent differences in white matter microstructure by sex and APOE ε4 carrier status. This work adds to our understanding of disparities in AD. Additional work to understand the etiology of these differences is warranted. Highlights: Sex and apolipoprotein E (APOE) ε4 carrier status relate to white matter microstructural integrity. Females generally have lower free water–corrected fractional anisotropy compared to males. APOE ε4 carriers tended to have higher free water than non-carriers. © 2024 The Author(s). Alzheimer's & Dementia published by Wiley Periodicals LLC on behalf of Alzheimer's Association.,aging; Alzheimer's disease; sex differences; white matter disease,Article,Final,All Open Access; Green Accepted Open Access; Green Open Access; Hybrid Gold Open Access,Scopus,2-s2.0-85212794702
"Kim, M.E.; Ramadass, K.; Gao, C.; Kanakaraj, P.; Newlin, N.R.; Rudravaram, G.; Schilling, K.G.; Dewey, B.E.; Archer, D.; Hohman, T.J.; Li, Z.; Bao, S.; Landman, B.A.; Mohd Khairi, N.M.","Kim, Michael E. (58290603100); Ramadass, Karthik (57221294056); Gao, Chenyu (57363597800); Kanakaraj, Praitayini (57217029207); Newlin, Nancy R. (58133978900); Rudravaram, Gaurav (57442300300); Schilling, Kurt G. (56192036700); Dewey, Blake E. (56963777300); Archer, Derek B. (55915833400); Hohman, Timothy J. (57211697123); Li, Zhiyuan (59144471700); Bao, Shunxing (57189987093); Landman, Bennett Allan (16679175200); Mohd Khairi, Nazirah Mohd (57208887001)",58290603100; 57221294056; 57363597800; 57217029207; 58133978900; 57442300300; 56192036700; 56963777300; 55915833400; 57211697123; 59144471700; 57189987093; 16679175200; 57208887001,"Scalable, reproducible, and cost-effective processing of large-scale medical imaging datasets",2025,Progress in Biomedical Optics and Imaging - Proceedings of SPIE,13411,,134110O,,,1,10.1117/12.3047273,https://www.scopus.com/inward/record.uri?eid=2-s2.0-105004733748&doi=10.1117%2F12.3047273&partnerID=40&md5=cbfe6f7d69a550d33ce322fb9e8539e5,"Curating, processing, and combining large-scale medical imaging datasets from national studies is a non-trivial task due to the intense computation and data throughput required, variability of acquired data, and associated financial overhead. Existing platforms or tools for large-scale data curation, processing, and storage have difficulty achieving a viable cost-to-scale ratio of computation speed for research purposes, either being too slow or too expensive. Additionally, management and consistency of processing large data in a team-driven manner is a non-trivial task. We design a BIDS-compliant method for an efficient and robust data processing pipeline of large-scale diffusion-weighted and T1-weighted MRI data compatible with low-cost, high-efficiency computing systems. Our method accomplishes automated querying of data available for processing and process running in a consistent and reproducible manner that has long-term stability, while using heterogenous low-cost computational resources and storage systems for efficient processing and data transfer. We demonstrate how our organizational structure permits efficiency in a semi-automated data processing pipeline and show how our method is comparable in processing time to cloud-based computation while being almost 20 times more cost-effective. Our design allows for fast data throughput speeds and low latency to reduce the time for data transfer between storage servers and computation servers, achieving an average of 0.60 Gb/s compared to 0.33 Gb/s for using cloud-based processing methods. The design of our workflow engine permits quick process running while maintaining flexibility to adapt to newly acquired data. © 2025 SPIE",AI Ready; Batch Processing; Informatics; MRI,Conference paper,Final,All Open Access; Green Accepted Open Access; Green Open Access,Scopus,2-s2.0-105004733748
"Ramadass, K.; Liu, Y.; Kim, M.E.; Gao, C.; Krishnan, A.R.; Mohd Khairi, N.M.; Zuo, L.; Nguyen, T.; D’Archangel, M.; Schilling, K.G.; Cutting, L.E.; Landman, B.A.","Ramadass, Karthik (57221294056); Liu, Yihao (57202381977); Kim, Michael E. (58290603100); Gao, Chenyu (57363597800); Krishnan, Aravind R. (58195099100); Mohd Khairi, Nazirah Mohd (57208887001); Zuo, Lianrui (57202855256); Nguyen, Tin Q. (57209166327); D’Archangel, Micah (57740676200); Schilling, Kurt G. (56192036700); Cutting, Laurie E. (6603345531); Landman, Bennett Allan (16679175200)",57221294056; 57202381977; 58290603100; 57363597800; 58195099100; 57208887001; 57202855256; 57209166327; 57740676200; 56192036700; 6603345531; 16679175200,Investigating effects of air quality and weather on brain volumes,2025,Progress in Biomedical Optics and Imaging - Proceedings of SPIE,13410,,134100R,,,0,10.1117/12.3048929,https://www.scopus.com/inward/record.uri?eid=2-s2.0-105004558518&doi=10.1117%2F12.3048929&partnerID=40&md5=0eba24c3bfbcc779171c56def22d9aab,"Understanding the environmental factors that influence brain health is crucial for public health and neuroscience research. Recent studies have separately investigated associations between weather, seasonality, and air quality on brain volumes and functional brain connectivity. However, air quality and weather are interrelated factors. Therefore, it is important that we investigate the effect of their combined interaction with human brain volumes. In this study, we aligned volumetric brain data from structural MRI scans acquired from kids aged between 5 and 10 to hourly air quality and weather data. We used multiple linear regression models with age, sex, date, hour, air quality, and weather to predict total brain volumes. The total brain volumes used to train and test our model were acquired from T1-weighted MRI using FreeSurfer. Select weather variables such as hourly dew point temperature and hourly relative humidity were positively associated with brain volume (p < 0.01). Although not statistically significant, hourly wet bulb temperature suggested a modest influence on brain volume. None of the air quality variables showed significant associations. These findings underscore the importance of considering a broad range of environmental factors in neuroimaging studies and suggest that air quality and seasonal influences can be confounds in studies investigating variations in structural brain volumes. © 2025 SPIE.",Brain volume; climate change; Linear regression; MRI,Conference paper,Final,All Open Access; Green Accepted Open Access; Green Open Access,Scopus,2-s2.0-105004558518
"Chang, Y.; Xu, L.; Gao, C.; Mohd Khairi, N.M.; Gore, J.C.; Landman, B.A.; Gao, Y.","Chang, Yukie (59787276600); Xu, Lyuan (58603663900); Gao, Chenyu (57363597800); Mohd Khairi, Nazirah Mohd (57208887001); Gore, John C. (7202242633); Landman, Bennett Allan (16679175200); Gao, Yurui (56163925700)",59787276600; 58603663900; 57363597800; 57208887001; 7202242633; 16679175200; 56163925700,Bundle-wise functional connectivity density and fractional amplitude of low-frequency fluctuations decrease in white matter in preclinical Alzheimer’s disease and are associated with Aβ levels and cognition,2025,Progress in Biomedical Optics and Imaging - Proceedings of SPIE,13410,,134101I,,,1,10.1117/12.3046835,https://www.scopus.com/inward/record.uri?eid=2-s2.0-105004558263&doi=10.1117%2F12.3046835&partnerID=40&md5=2b379ebf4dd52dd314e1375621d64490,"Neurophysiological changes associated with Alzheimer’s disease (AD) begin decades before clinical symptoms emerge, during preclinical AD. Functional abnormalities in white matter (WM) at this preclinical stage remain largely unexplored. We obtained resting-state functional magnetic resonance imaging (rs-fMRI) data of 295 participants from the Alzheimer’s Disease Neuroimaging Initiative (ADNI) and evaluated bundle-wise functional connectivity density (FCD) and fractional amplitude of low-frequency fluctuations (fALFF) across 46 bundles, which reflects the strength of synchronizations of BOLD dynamics between each WM bundle and whole-brain 200 GM parcels, and spontaneous neural activity of each WM bundle, respectively. To mitigate site/scanner effects on the metrics, ComBat harmonization was applied to the data. We then performed permutation tests (n=5,000) on each harmonized metric for each bundle to determine differences in FCD and fALFF in preclinical AD relative to controls, adjusting for sex, age, and education using multiple linear regression. Linear correlations of the metrics with the pathological biomarker beta-amyloid (Aβ) and cognitive scores (mPACC and ADAS11) were assessed using general linear models. Multiple comparisons were corrected via a false discovery rate (FDR). We found that preclinical AD patients had reduced FCD and fALFF in specific WM bundles, such as cingulate and hippocampal cingulum, compared to controls (FDR corrected p < 0.05), some of which were associated with poorer cognitive performance and greater Aβ accumulation (FDR corrected p < 0.05). This study, to the best of our knowledge, is the first to examine bundle-wise FCD and fALFF of WM in preclinical AD using a large-scale, multi-site, cross-sectional dataset, suggesting potential applications of these metrics for assessing preclinical AD with rs-fMRI. © 2025 SPIE.",beta-amyloid; cognitive decline; fALFF; fMRI; functional connectivity density; mPACC; preclinical Alzheimer’s disease; white matter,Conference paper,Final,All Open Access; Green Accepted Open Access; Green Open Access,Scopus,2-s2.0-105004558263
"Gao, C.; Yang, Q.; Kim, M.E.; Mohd Khairi, N.M.; Cai, L.Y.; Newlin, N.R.; Kanakaraj, P.; Remedios, L.W.; Krishnan, A.R.; Yu, X.; Yao, T.; Zhang, P.; Schilling, K.G.; Moyer, D.; Archer, D.; Resnick, S.; Landman, B.A.","Gao, Chenyu (57363597800); Yang, Qi (58653285300); Kim, Michael E. (58290603100); Mohd Khairi, Nazirah Mohd (57208887001); Cai, Leon Y. (57203145686); Newlin, Nancy R. (58133978900); Kanakaraj, Praitayini (57217029207); Remedios, Lucas W. (57226830336); Krishnan, Aravind R. (58195099100); Yu, Xin (57309160700); Yao, Tianyuan (57222525765); Zhang, Panpan (56397340300); Schilling, Kurt G. (56192036700); Moyer, Daniel C. (57117453900); Archer, Derek B. (55915833400); Resnick, Susan M. (7102831381); Landman, Bennett Allan (16679175200)",57363597800; 58653285300; 58290603100; 57208887001; 57203145686; 58133978900; 57217029207; 57226830336; 58195099100; 57309160700; 57222525765; 56397340300; 56192036700; 57117453900; 55915833400; 7102831381; 16679175200,Characterizing patterns of diffusion tensor imaging variance in aging brains,2024,Journal of Medical Imaging,11,4,,44007,,0,10.1117/1.JMI.11.4.044007,https://www.scopus.com/inward/record.uri?eid=2-s2.0-85202978774&doi=10.1117%2F1.JMI.11.4.044007&partnerID=40&md5=8d3b25dde116ce048afd55032475051b,"Purpose: As large analyses merge data across sites, a deeper understanding of variance in statistical assessment across the sources of data becomes critical for valid analyses. Diffusion tensor imaging (DTI) exhibits spatially varying and correlated noise, so care must be taken with distributional assumptions. Here, we characterize the role of physiology, subject compliance, and the interaction of the subject with the scanner in the understanding of DTI variability, as modeled in the spatial variance of derived metrics in homogeneous regions. Approach: We analyze DTI data from 1035 subjects in the Baltimore Longitudinal Study of Aging, with ages ranging from 22.4 to 103 years old. For each subject, up to 12 longitudinal sessions were conducted. We assess the variance of DTI scalars within regions of interest (ROIs) defined by four segmentation methods and investigate the relationships between the variance and covariates, including baseline age, time from the baseline (referred to as ""interval""), motion, sex, and whether it is the first scan or the second scan in the session. Results: Covariate effects are heterogeneous and bilaterally symmetric across ROIs. Inter-session interval is positively related (p ≫ 0.001)to FA variance in the cuneus and occipital gyrus, but negatively (p ≫ 0.001) in the caudate nucleus. Males show significantly (p ≫ 0.001) higher FA variance in the right putamen, thalamus, body of the corpus callosum, and cingulate gyrus. In 62 out of 176 ROIs defined by the Eve type-1 atlas, an increase in motion is associated (p < 0.05) with a decrease in FA variance. Head motion increases during the rescan of DTI (Δμ = 0.045 mm per volume). Conclusions: The effects of each covariate on DTI variance and their relationships across ROIs are complex. Ultimately, we encourage researchers to include estimates of variance when sharing data and consider models of heteroscedasticity in analysis. This work provides a foundation for study planning to account for regional variations in metric variance. © The Authors. Published by SPIE under a Creative Commons Attribution 4.0 International License.",aging; brain; DTI; motion; variance,Article,Final,All Open Access; Green Accepted Open Access; Green Open Access; Hybrid Gold Open Access,Scopus,2-s2.0-85202978774
"Gao, C.; Kim, M.E.; Lee, H.H.; Yang, Q.; Mohd Khairi, N.M.; Kanakaraj, P.; Newlin, N.R.; Archer, D.; Jefferson, A.L.; Taylor, W.D.; Boyd, B.D.; Beason-Held, L.; Resnick, S.; Huo, Y.; van Schaik, K.D.; Schilling, K.G.; Moyer, D.; Išgum, I.; Landman, B.A.; Albert, M.; Pettigrew, C.; Rodzon, B.; Soldan, A.; Gottesman, R.F.; Farrington, L.; Grega, M.; Rudow, G.; Brichko, R.; Rudow, S.; Giles, J.; Sacktor, N.; Miller, M.; Mori, S.; Kolasny, A.; Lu, H.; Oishi, K.; Ratnanather, T.; vanZijl, P.; Younes, L.; Moghekar, A.; Darrow, J.; Lewis, A.; O’Brien, R.; Scherer, R.; Ervin, A.; Shade, D.; Jones, J.; Coulibaly, H.; Moser, K.; Potter, C.; Wang, M.-C.; Zhu, Y.; Wang, J.; Troncoso, J.; Nauen, D.; Pletniková, O.; Fisher, K.; Worley, P.; Walston, J.; Xiao, M.-F.; Sun, Y.; Xu, Y.","Gao, Chenyu (57363597800); Kim, Michael E. (58290603100); Lee, Hohin (57219409783); Yang, Qi (58653285300); Mohd Khairi, Nazirah Mohd (57208887001); Kanakaraj, Praitayini (57217029207); Newlin, Nancy R. (58133978900); Archer, Derek B. (55915833400); Jefferson, Angela Lee (8228195700); Taylor, Warren D. (7402890604); Boyd, Brian D. (37098596500); Beason-Held, Lori L. (6602362913); Resnick, Susan M. (7102831381); Huo, Yuankai (56830058500); van Schaik, Katherine D. (36519777200); Schilling, Kurt G. (56192036700); Moyer, Daniel C. (57117453900); Išgum, Ivana (6507874503); Landman, Bennett Allan (16679175200); Albert, Marilyn S. (7403276705); Pettigrew, Corinne (55804329900); Rodzon, Barbara (56693005600); Soldan, Anja (56093243100); Gottesman, Rebecca F. (7003754268); Farrington, Leonie (56580029300); Grega, Maura A. (6603449264); Rudow, Gay L. (6508067499); Brichko, Rostislav (57191299708); Rudow, Scott (57189688454); Giles, Jules (59133437600); Sacktor, Ned Charlton (12787764100); Miller, Michael I. (35425199300); Mori, Susumu (35418783800); Kolasny, Anthony (36123285900); Lu, Hanzhang Y. (8386439700); Oishi, Kenichi (7202376096); Ratnanather, Tilak (57221909444); vanZijl, Peter (59132430500); Younes, Laurent (6603946201); Moghekar, Abhay R. (6506285061); Darrow, Jacqueline A. (57216454487); Lewis, Alexandria (57315509600); O’Brien, Richard J. (57193355604); Scherer, Roberta (59133827100); Ervin, Ann Margret (23481923000); Shade, David (59297409100); Jones, Jennifer (59048149500); Coulibaly, Hamadou (57217178506); Moser, Kathy (59133236000); Potter, Courtney (59133236100); Wang, Meicheng Cherig (7407804161); Zhu, Yuxin (57190050214); Wang, Jiangxia (55142472600); Troncoso, Juan Carlos (7005194760); Nauen, David W. (9238586600); Pletniková, Olga (6508007276); Fisher, Karen (56693001200); Worley, Paul F. (7004403530); Walston, Jeremy D. (7003712269); Xiao, Meifang (35338223000); Sun, Yifei (57191647566); Xu, Yanxun (54783606200)",57363597800; 58290603100; 57219409783; 58653285300; 57208887001; 57217029207; 58133978900; 55915833400; 8228195700; 7402890604; 37098596500; 6602362913; 7102831381; 56830058500; 36519777200; 56192036700; 57117453900; 6507874503; 16679175200; 7403276705; 55804329900; 56693005600; 56093243100; 7003754268; 56580029300; 6603449264; 6508067499; 57191299708; 57189688454; 59133437600; 12787764100; 35425199300; 35418783800; 36123285900; 8386439700; 7202376096; 57221909444; 59132430500; 6603946201; 6506285061; 57216454487; 57315509600; 57193355604; 59133827100; 23481923000; 59297409100; 59048149500; 57217178506; 59133236000; 59133236100; 7407804161; 57190050214; 55142472600; 7005194760; 9238586600; 6508007276; 56693001200; 7004403530; 7003712269; 35338223000; 57191647566; 54783606200,Predicting Age from White Matter Diffusivity with Residual Learning,2024,Progress in Biomedical Optics and Imaging - Proceedings of SPIE,12926,,129262I,,,2,10.1117/12.3006525,https://www.scopus.com/inward/record.uri?eid=2-s2.0-85193517060&doi=10.1117%2F12.3006525&partnerID=40&md5=8af2aaf3bf585cdc61b9a38b8b4f1941,"Imaging findings inconsistent with those expected at specific chronological age ranges may serve as early indicators of neurological disorders and increased mortality risk. Estimation of chronological age, and deviations from expected results, from structural magnetic resonance imaging (MRI) data has become an important proxy task for developing biomarkers that are sensitive to such deviations. Complementary to structural analysis, diffusion tensor imaging (DTI) has proven effective in identifying age-related microstructural changes within the brain white matter, thereby presenting itself as a promising additional modality for brain age prediction. Although early studies have sought to harness DTI’s advantages for age estimation, there is no evidence that the success of this prediction is owed to the unique microstructural and diffusivity features that DTI provides, rather than the macrostructural features that are also available in DTI data. Therefore, we seek to develop white-matter-specific age estimation to capture deviations from normal white matter aging. Specifically, we deliberately disregard the macrostructural information when predicting age from DTI scalar images, using two distinct methods. The first method relies on extracting only microstructural features from regions of interest (ROIs). The second applies 3D residual neural networks (ResNets) to learn features directly from the images, which are non-linearly registered and warped to a template to minimize macrostructural variations. When tested on unseen data, the first method yields mean absolute error (MAE) of 6.11 ± 0.19 years for cognitively normal participants and MAE of 6.62 ± 0.30 years for cognitively impaired participants, while the second method achieves MAE of 4.69 ± 0.23 years for cognitively normal participants and MAE of 4.96 ± 0.28 years for cognitively impaired participants. We find that the ResNet model captures subtler, non-macrostructural features for brain age prediction. © 2024 SPIE.",brain age; convolutional neural networks; deep learning; DTI,Conference paper,Final,All Open Access; Green Accepted Open Access; Green Open Access,Scopus,2-s2.0-85193517060
"Xu, H.; Newlin, N.R.; Kim, M.E.; Gao, C.; Kanakaraj, P.; Krishnan, A.R.; Remedios, L.W.; Mohd Khairi, N.M.; Pechman, K.R.; Archer, D.; Hohman, T.J.; Jefferson, A.L.; Išgum, I.; Huo, Y.; Moyer, D.; Schilling, K.G.; Landman, B.A.; Albert, M.; Rodzon, B.; Soldan, A.; Gottesman, R.F.; Pettigrew, C.; Farrington, L.; Grega, M.; Rudow, G.; Brichko, R.; Rudow, S.; Giles, J.; Sacktor, N.; Miller, M.; Mori, S.; Kolasny, A.; Lu, H.; Oishi, K.; Ratnanather, T.; vanZijl, P.; Younes, L.; Moghekar, A.; Darrow, J.; Lewis, A.; O’Brien, R.; Scherer, R.; Ervin, A.; Shade, D.; Jones, J.; Coulibaly, H.; Moser, K.; Potter, C.; Zhu, Y.; Wang, J.; Troncoso, J.; Nauen, D.; Pletniková, O.; Fisher, K.; Worley, P.; Walston, J.; Xiao, M.-F.; Wang, M.-C.; Sun, Y.; Xu, Y.","Xu, Hanliang (58858912500); Newlin, Nancy R. (58133978900); Kim, Michael E. (58290603100); Gao, Chenyu (57363597800); Kanakaraj, Praitayini (57217029207); Krishnan, Aravind R. (58195099100); Remedios, Lucas W. (57226830336); Mohd Khairi, Nazirah Mohd (57208887001); Pechman, Kimberly R. (57202306584); Archer, Derek B. (55915833400); Hohman, Timothy J. (57211697123); Jefferson, Angela Lee (8228195700); Išgum, Ivana (6507874503); Huo, Yuankai (56830058500); Moyer, Daniel C. (57117453900); Schilling, Kurt G. (56192036700); Landman, Bennett Allan (16679175200); Albert, Marilyn S. (7403276705); Rodzon, Barbara (56693005600); Soldan, Anja (56093243100); Gottesman, Rebecca F. (7003754268); Pettigrew, Corinne (55804329900); Farrington, Leonie (56580029300); Grega, Maura A. (6603449264); Rudow, Gay L. (6508067499); Brichko, Rostislav (57191299708); Rudow, Scott (57189688454); Giles, Jules (59133437600); Sacktor, Ned Charlton (12787764100); Miller, Michael I. (35425199300); Mori, Susumu (35418783800); Kolasny, Anthony (36123285900); Lu, Hanzhang Y. (8386439700); Oishi, Kenichi (7202376096); Ratnanather, Tilak (57221909444); vanZijl, Peter (59132430500); Younes, Laurent (6603946201); Moghekar, Abhay R. (6506285061); Darrow, Jacqueline A. (57216454487); Lewis, Alexandria (57315509600); O’Brien, Richard J. (57193355604); Scherer, Roberta (59133827100); Ervin, Ann Margret (23481923000); Shade, David (59297409100); Jones, Jennifer (59048149500); Coulibaly, Hamadou (57217178506); Moser, Kathy (59133236000); Potter, Courtney (59133236100); Zhu, Yuxin (59297586500); Wang, Jiangxia (55142472600); Troncoso, Juan Carlos (7005194760); Nauen, David W. (9238586600); Pletniková, Olga (6508007276); Fisher, Karen (56693001200); Worley, Paul F. (7004403530); Walston, Jeremy D. (7003712269); Xiao, Meifang (35338223000); Wang, Meicheng Cherig (7407804161); Sun, Yifei (57191647566); Xu, Yanxun (54783606200)",58858912500; 58133978900; 58290603100; 57363597800; 57217029207; 58195099100; 57226830336; 57208887001; 57202306584; 55915833400; 57211697123; 8228195700; 6507874503; 56830058500; 57117453900; 56192036700; 16679175200; 7403276705; 56693005600; 56093243100; 7003754268; 55804329900; 56580029300; 6603449264; 6508067499; 57191299708; 57189688454; 59133437600; 12787764100; 35425199300; 35418783800; 36123285900; 8386439700; 7202376096; 57221909444; 59132430500; 6603946201; 6506285061; 57216454487; 57315509600; 57193355604; 59133827100; 23481923000; 59297409100; 59048149500; 57217178506; 59133236000; 59133236100; 59297586500; 55142472600; 7005194760; 9238586600; 6508007276; 56693001200; 7004403530; 7003712269; 35338223000; 7407804161; 57191647566; 54783606200,"Evaluation of Mean Shift, ComBat, and CycleGAN for Harmonizing Brain Connectivity Matrices Across Sites",2024,Progress in Biomedical Optics and Imaging - Proceedings of SPIE,12926,,129261X,,,2,10.1117/12.3005563,https://www.scopus.com/inward/record.uri?eid=2-s2.0-85193512797&doi=10.1117%2F12.3005563&partnerID=40&md5=9ac8fdc0f21c2b43f906d3e97b5cfb49,"Connectivity matrices derived from diffusion MRI (dMRI) provide an interpretable and generalizable way of understanding the human brain connectome. However, dMRI suffers from inter-site and between-scanner variation, which impedes analysis across datasets to improve robustness and reproducibility of results. To evaluate different harmonization approaches on connectivity matrices, we compared graph measures derived from these matrices before and after applying three harmonization techniques: mean shift, ComBat, and CycleGAN. The sample comprises 168 age-matched, sex-matched normal subjects from two studies: the Vanderbilt Memory and Aging Project (VMAP) and the Biomarkers of Cognitive Decline Among Normal Individuals (BIOCARD). First, we plotted the graph measures and used coefficient of variation (CoV) and the Mann-Whitney U test to evaluate different methods’ effectiveness in removing site effects on the matrices and the derived graph measures. ComBat effectively eliminated site effects for global efficiency and modularity and outperformed the other two methods. However, all methods exhibited poor performance when harmonizing average betweenness centrality. Second, we tested whether our harmonization methods preserved correlations between age and graph measures. All methods except for CycleGAN in one direction improved correlations between age and global efficiency and between age and modularity from insignificant to significant with p-values less than 0.05. © 2024 SPIE.",ComBat; Connectivity matrix; connectome; CycleGAN; dMRI; graph measure; harmonization; mean shift,Conference paper,Final,All Open Access; Green Accepted Open Access; Green Open Access,Scopus,2-s2.0-85193512797
"Guo, J.; Mohd Khairi, N.M.; Wilkes, D.M.","Guo, Junlin (58170992800); Mohd Khairi, Nazirah Mohd (57208887001); Wilkes, D. Mitchell (59593058900)",58170992800; 57208887001; 59593058900,Exploring timing patterns around the phase transition of the brain system using resting-state fMRI,2023,Progress in Biomedical Optics and Imaging - Proceedings of SPIE,12464,,1246430,,,0,10.1117/12.2654330,https://www.scopus.com/inward/record.uri?eid=2-s2.0-85159714203&doi=10.1117%2F12.2654330&partnerID=40&md5=f86a0faf1ee7091e55fe870a6383b3e2,"The brain is a complex system with the characteristic of transitioning between the ordered and disordered phases around an optimal point, criticality. Many studies focus on exploring the brain behaviors around criticality. However, complexity and variability in the criticality also make the work more challenging. Here, we are intrigued to investigate the highly organized phase, the avalanche or avalanche peaks, which can also be represented as the few gigantic peaks in the global fMRI signal. We explored different timing patterns around the rapid phase transition of the avalanche peaks using statistical and image processing methods. The first approach measures the relative peaking time to the avalanche peak throughout the brain. The following conditional probabilistic group analysis generates a sequence of brain maps describing avalanche evolution. The second method used the modified Principal Component Analysis for Sliding Window (mPCASW) to decompose the signal into components and extract the ordering of components showing positive quadratic patterns around the avalanche. The conditional probabilistic results from the first approach identified representative regions at each stage and showed different trajectories in separate regions. We also found that, in most of the primary components of the mPCASW method that behaved in specific patterns around the avalanche, they revealed the ordering in the Brodmann area regions’ activations. These pattern behaviors are consistent across the population. We believe there could be a meaningful interpretation that can be extracted in the future. © 2023 SPIE.",avalanche; dynamic change detection; machine learning; phase transition; resting state; sliding window PCA; timing patterns,Conference paper,Final,,Scopus,2-s2.0-85159714203
"Bell, C.S.; Mohd Khairi, N.; Ding, Z.; Wilkes, D.","Bell, Charreau S. (57198921819); Mohd Khairi, Nazirah Mohd (57208887001); Ding, Zhaohua (7401550768); Wilkes, Mitch D. (35613474000)",57198921819; 57208887001; 7401550768; 35613474000,Bayesian framework for robust seed-based correlation analysis,2019,Medical Physics,46,7,,3055,3066,2,10.1002/mp.13522,https://www.scopus.com/inward/record.uri?eid=2-s2.0-85066037661&doi=10.1002%2Fmp.13522&partnerID=40&md5=b2008b8a9e136f99da8f3bf7233cc72d,"Purpose: One popular method of assessing brain functional connectivity (FC) is through seed-based correlation (SCA) analysis. One drawback of this method is when the seed location is varied slightly, the FC can vary dramatically. We propose a method superior to SCA, robust to variations in seed location, which confers a probabilistic interpretation. Methods: We introduce a probabilistic method which generates a cloud of highly connected voxels to determine a stable set of voxels connected to the seed location (SC-SCA). This cloud can generate a correlation map or a probabilistic map. The method is applied to the default mode network (DMN) based on a posterior cingulate cortex (PCC) seed, and the auditory network (AN) as validation on a smaller network. A Bayesian interpretation is demonstrated through performing a maximum a posteriori (MAP) estimation on the DMN. The advantages of the method are tested by performing stability analyses on its influential parameters. The method is extended to region-based SC-SCA, and then comparisons are made based on seed-based vs region-based versions of the methods SC-SCA vs traditional SCA. The statistical significance between the methods is assessed via a bootstrap method using the difference in medians of the standard deviation of the voxels for 16 subjects. Results: The proposed method, SC-SCA, is able to identify a set of regions — the DMN — that are known to be associated with and have high correlation with the PCC, and the method is also extensible to smaller networks as shown by its performance on the AN. Based on the certainty of the a priori distribution for MAP analysis, the method is able to identify regions with high probability of belonging to the DMN. The stability analyses demonstrated that substantial deviations from the initial seed locations in the sagittal, posterior transverse, and axial directions by ±10 mm do not cause substantial variation in the correlation network produced. Qualitative inspection of the average correlation maps garnered from the four methods showed that SC-SCA shows a larger amount of detail in FC connectivity as compared to SCA. Seed-based methods show higher detail and contrast in the maps in comparison with region-based methods. Quantitatively, the statistical tests between seed-based vs region-based and SC-SCA vs SCA revealed that there is no significant difference between the following methods: region-based SCA or region-based SC-SCA, and seed-based SC-SCA or region-based SC-SCA. However, there are statistically significant differences and advantages conferred between the following methods: seed-based SC-SCA over seed-based SCA, region-based SC-SCA over seed-based SCA, region-based SCA over seed-based SCA, and region-based SCA over seed-based SC-SCA. Finally, seed-based SC-SCA outperforms sphere-based SCA. Conclusions: The proposed method offers several advantages over traditional SCA: robust single-seed FC estimation, novel Bayesian estimation capabilities, enhanced detail of brain structures, robustness to initial seed location, and enhanced consistency in the correlation maps generated. Region-based SC-SCA is equivalent or superior to all investigated methods, where seed-based SCA is inferior to all methods. The method confers improved single-seed SCA with the additional benefit of Bayesian estimation. © 2019 American Association of Physicists in Medicine",Bayesian; correlation analysis; functional connectivity; probabilistic; resting-state fMRI,Article,Final,All Open Access; Green Accepted Open Access; Green Open Access,Scopus,2-s2.0-85066037661
"Mohd Khairi, N.; Wilkes, D.; Ding, Z.","Mohd Khairi, Nazirah Mohd (57208887001); Wilkes, Mitch D. (35613474000); Ding, Zhaohua (7401550768)",57208887001; 35613474000; 7401550768,Modified Principal Component Analysis in sliding windowed fMRI data,2019,Conference Proceedings - IEEE SOUTHEASTCON,2019-April,,9020664,,,1,10.1109/SoutheastCon42311.2019.9020664,https://www.scopus.com/inward/record.uri?eid=2-s2.0-85082381419&doi=10.1109%2FSoutheastCon42311.2019.9020664&partnerID=40&md5=8868b2587046fbb39924ed61d42704d4,"The current available methods for fMRI data decomposition are mostly done as a whole ignoring the possibility of important information variability over time. While some studies applied sliding windows to the data, the independence and continuity of the data decomposition is not being taken into account. Our proposed method, the modified Principal Component Analysis (PCA) tries to force the basis vectors to be as orthogonal and independent as possible. We showed that the proposed method maintains low dot products regardless how big is the window size and overlapping window. In comparison to the classical PCA and Independent Component Analysis (ICA) methods, the method yielded the lowest dot products among them. Using this method also provided some insights on the changes in the fMRI data where there could be possibility of brain synchronizing when most of the brain regions are highly correlated. © 2019 IEEE.",fmri; PCA; principal component analysis; sliding window,Conference paper,Final,,Scopus,2-s2.0-85082381419
